filename,file_size,file_attributes,region_count,region_id,region_shape_attributes,region_attributes
trapez_26.png,1200140,"{}",1,0,"{""name"":""rect"",""x"":303,""y"":26,""width"":625,""height"":505}","{""label"":""tra00""}"
trapez_25.png,1169921,"{}",1,0,"{""name"":""rect"",""x"":303,""y"":33,""width"":625,""height"":500}","{""label"":""tra00""}"
trapez_24.png,1173515,"{}",1,0,"{""name"":""rect"",""x"":241,""y"":22,""width"":581,""height"":436}","{""label"":""tra00""}"
trapez_23.png,1199998,"{}",1,0,"{""name"":""rect"",""x"":699,""y"":283,""width"":528,""height"":403}","{""label"":""tra00""}"
trapez_22.png,1170781,"{}",1,0,"{""name"":""rect"",""x"":650,""y"":202,""width"":592,""height"":442}","{""label"":""tra00""}"
trapez_19.png,1171155,"{}",1,0,"{""name"":""rect"",""x"":377,""y"":41,""width"":638,""height"":470}","{""label"":""tra00""}"
trapez_18.png,1226336,"{}",1,0,"{""name"":""rect"",""x"":259,""y"":8,""width"":594,""height"":523}","{""label"":""tra00""}"
trapez_17.png,1215080,"{}",1,0,"{""name"":""rect"",""x"":298,""y"":15,""width"":402,""height"":526}","{""label"":""tra00""}"
trapez_16.png,1170780,"{}",1,0,"{""name"":""rect"",""x"":226,""y"":5,""width"":600,""height"":449}","{""label"":""tra00""}"
trapez_15.png,1174198,"{}",1,0,"{""name"":""rect"",""x"":237,""y"":50,""width"":538,""height"":408}","{""label"":""tra00""}"
trapez_14.png,1222949,"{}",1,0,"{""name"":""rect"",""x"":265,""y"":18,""width"":522,""height"":417}","{""label"":""tra00""}"
trapez_13.png,1179564,"{}",1,0,"{""name"":""rect"",""x"":402,""y"":28,""width"":410,""height"":512}","{""label"":""tra00""}"
trapez_12.png,1197172,"{}",1,0,"{""name"":""rect"",""x"":566,""y"":157,""width"":409,""height"":522}","{""label"":""tra00""}"
trapez_11.png,1248051,"{}",1,0,"{""name"":""rect"",""x"":602,""y"":299,""width"":520,""height"":413}","{""label"":""tra00""}"
trapez_10.png,1200494,"{}",1,0,"{""name"":""rect"",""x"":616,""y"":266,""width"":517,""height"":411}","{""label"":""tra00""}"
trapez_9.png,1187293,"{}",1,0,"{""name"":""rect"",""x"":608,""y"":241,""width"":528,""height"":422}","{""label"":""tra00""}"
trapez_8.png,1185594,"{}",1,0,"{""name"":""rect"",""x"":649,""y"":239,""width"":527,""height"":405}","{""label"":""tra00""}"
trapez_7.png,1212902,"{}",1,0,"{""name"":""rect"",""x"":650,""y"":288,""width"":524,""height"":406}","{""label"":""tra00""}"
trapez_6.png,1163505,"{}",1,0,"{""name"":""rect"",""x"":446,""y"":126,""width"":516,""height"":402}","{""label"":""tra00""}"
trapez_5.png,1190550,"{}",1,0,"{""name"":""rect"",""x"":436,""y"":131,""width"":523,""height"":400}","{""label"":""tra00""}"
trapez_4.png,1179623,"{}",1,0,"{""name"":""rect"",""x"":463,""y"":150,""width"":516,""height"":401}","{""label"":""tra00""}"
trapez_3.png,1147615,"{}",1,0,"{""name"":""rect"",""x"":475,""y"":160,""width"":524,""height"":424}","{""label"":""tra00""}"
trapez_2.png,1148399,"{}",1,0,"{""name"":""rect"",""x"":456,""y"":144,""width"":517,""height"":417}","{""label"":""tra00""}"
trapez_1.png,1146143,"{}",1,0,"{""name"":""rect"",""x"":447,""y"":135,""width"":524,""height"":425}","{""label"":""tra00""}"
square_25.png,1303965,"{}",1,0,"{""name"":""rect"",""x"":512,""y"":184,""width"":412,""height"":414}","{""label"":""squ00""}"
square_23.png,1272832,"{}",1,0,"{""name"":""rect"",""x"":535,""y"":177,""width"":441,""height"":439}","{""label"":""squ00""}"
square_22.png,1275215,"{}",1,0,"{""name"":""rect"",""x"":510,""y"":159,""width"":434,""height"":433}","{""label"":""squ00""}"
square_21.png,1332521,"{}",1,0,"{""name"":""rect"",""x"":339,""y"":54,""width"":402,""height"":404}","{""label"":""squ00""}"
square_20.png,1343028,"{}",1,0,"{""name"":""rect"",""x"":69,""y"":7,""width"":487,""height"":478}","{""label"":""squ00""}"
square_19.png,1342704,"{}",1,0,"{""name"":""rect"",""x"":62,""y"":3,""width"":495,""height"":481}","{""label"":""squ00""}"
square_18.png,1348915,"{}",1,0,"{""name"":""rect"",""x"":34,""y"":72,""width"":451,""height"":412}","{""label"":""squ00""}"
square_17.png,1349102,"{}",1,0,"{""name"":""rect"",""x"":32,""y"":51,""width"":447,""height"":413}","{""label"":""squ00""}"
square_16.png,1343461,"{}",1,0,"{""name"":""rect"",""x"":121,""y"":20,""width"":452,""height"":428}","{""label"":""squ00""}"
square_15.png,1344877,"{}",1,0,"{""name"":""rect"",""x"":67,""y"":10,""width"":504,""height"":489}","{""label"":""squ00""}"
square_14.png,1340928,"{}",1,0,"{""name"":""rect"",""x"":59,""y"":74,""width"":510,""height"":489}","{""label"":""squ00""}"
square_13.png,1340214,"{}",1,0,"{""name"":""rect"",""x"":103,""y"":72,""width"":476,""height"":473}","{""label"":""squ00""}"
square_12.png,1332605,"{}",1,0,"{""name"":""rect"",""x"":195,""y"":89,""width"":417,""height"":407}","{""label"":""squ00""}"
square_11.png,1066417,"{}",1,0,"{""name"":""rect"",""x"":233,""y"":39,""width"":454,""height"":470}","{""label"":""squ00""}"
square_10.png,1083896,"{}",1,0,"{""name"":""rect"",""x"":802,""y"":300,""width"":441,""height"":416}","{""label"":""squ00""}"
square_9.png,1313388,"{}",1,0,"{""name"":""rect"",""x"":559,""y"":199,""width"":492,""height"":488}","{""label"":""squ00""}"
square_8.png,1327994,"{}",1,0,"{""name"":""rect"",""x"":206,""y"":43,""width"":441,""height"":444}","{""label"":""squ00""}"
square_7.png,1311553,"{}",1,0,"{""name"":""rect"",""x"":540,""y"":211,""width"":405,""height"":399}","{""label"":""squ00""}"
square_5.png,1314388,"{}",1,0,"{""name"":""rect"",""x"":452,""y"":135,""width"":417,""height"":424}","{""label"":""squ00""}"
square_4.png,1054268,"{}",1,0,"{""name"":""rect"",""x"":781,""y"":283,""width"":445,""height"":411}","{""label"":""squ00""}"
square_3.png,1288595,"{}",1,0,"{""name"":""rect"",""x"":134,""y"":56,""width"":451,""height"":443}","{""label"":""squ00""}"
square_2.png,1321733,"{}",1,0,"{""name"":""rect"",""x"":555,""y"":220,""width"":423,""height"":418}","{""label"":""squ00""}"
square_1.png,1317982,"{}",1,0,"{""name"":""rect"",""x"":529,""y"":196,""width"":433,""height"":424}","{""label"":""squ00""}"
square_0.png,1074828,"{}",1,0,"{""name"":""rect"",""x"":494,""y"":167,""width"":420,""height"":422}","{""label"":""squ00""}"
both8.png,1276743,"{}",2,0,"{""name"":""rect"",""x"":724,""y"":267,""width"":446,""height"":436}","{""label"":""squ00""}"
both8.png,1276743,"{}",2,1,"{""name"":""rect"",""x"":334,""y"":14,""width"":529,""height"":403}","{""label"":""tra00""}"
both7.png,1241319,"{}",2,0,"{""name"":""rect"",""x"":715,""y"":269,""width"":454,""height"":437}","{""label"":""squ00""}"
both7.png,1241319,"{}",2,1,"{""name"":""rect"",""x"":205,""y"":9,""width"":541,""height"":418}","{""label"":""tra00""}"
both5.png,1204942,"{}",2,0,"{""name"":""rect"",""x"":161,""y"":4,""width"":425,""height"":428}","{""label"":""squ00""}"
both5.png,1204942,"{}",2,1,"{""name"":""rect"",""x"":605,""y"":164,""width"":425,""height"":521}","{""label"":""tra00""}"
both4.png,1240759,"{}",2,0,"{""name"":""rect"",""x"":146,""y"":11,""width"":414,""height"":405}","{""label"":""squ00""}"
both4.png,1240759,"{}",2,1,"{""name"":""rect"",""x"":559,""y"":302,""width"":519,""height"":410}","{""label"":""tra00""}"
both3.png,1224431,"{}",2,0,"{""name"":""rect"",""x"":141,""y"":7,""width"":423,""height"":409}","{""label"":""squ00""}"
both3.png,1224431,"{}",2,1,"{""name"":""rect"",""x"":606,""y"":301,""width"":527,""height"":399}","{""label"":""tra00""}"
both2.png,1224910,"{}",2,0,"{""name"":""rect"",""x"":66,""y"":10,""width"":437,""height"":416}","{""label"":""squ00""}"
both2.png,1224910,"{}",2,1,"{""name"":""rect"",""x"":605,""y"":302,""width"":526,""height"":399}","{""label"":""tra00""}"
both1.png,1232669,"{}",2,0,"{""name"":""rect"",""x"":128,""y"":1,""width"":455,""height"":440}","{""label"":""squ00""}"
both1.png,1232669,"{}",2,1,"{""name"":""rect"",""x"":547,""y"":268,""width"":524,""height"":429}","{""label"":""tra00""}"